Academy Name,Academy Slug,Admin Name,Primary Login / Email,Password,Username,Aliases / Alternative Logins,Role,Academy ID
Haj Ali,acad_0qbqv4w,AdminHajAli (Haj Ali),adminhajali@academieshub.com,hajali2026!,AdminHajAli,"adminhajali@academieshub.com; admin.hajali@academieshub.com; adminhajali@gmail.com; admin.hajali@gmail.com; adminhajali@academy.com; admin@hajali.com; adminhaj@gmail.com; adminhajali",academy_admin,j57a62andsm3sa4tkr041ztmm18fgkfm
Haj Ali,acad_0qbqv4w,Mhd,mhd@hajali.com,hajali2026!,Mhd,"mhd@hajali.com; Mhd@hajali.com",academy_admin,j57a62andsm3sa4tkr041ztmm18fgkfm
AL-Hakkani,acad_0xecsfc,AdminALHakkani (AL-Hakkani),adminalhakkani@academieshub.com,alhakkani2026!,AdminALHakkani,"adminalhakkani@academieshub.com; admin.alhakkani@academieshub.com; adminhakkani@academieshub.com; adminalhakkani@gmail.com; admin.alhakkani@gmail.com; adminhakkani@gmail.com; admin@alhakkani.com; adminalhakkani@academy.com; adminalhakkani; adminhakkani",academy_admin,j57dbf9wb187mda4pb3edmnkgd8fhxjw
AL-Hakkani,al-hakkani,AdminALHakkani2 (AL-Hakkani),adminalhakkani2@academieshub.com,alhakkani2026!,AdminALHakkani2,"adminalhakkani2@academieshub.com; admin.alhakkani2@academieshub.com; adminalhakkani2@gmail.com; admin.alhakkani2@gmail.com; adminhakkani2@gmail.com; admin@hakkani.com; adminalhakkani2; adminhakkani2",academy_admin,j57cf4dcypd2hvrq9e9st83xq98fhen2
AL-Hakkani,al-hakkani,Hakkani,hakkani@alhakkani.com,alhakkani2026!,Hakkani,"hakkani@alhakkani.com; Hakkani@alhakkani.com",academy_admin,j57cf4dcypd2hvrq9e9st83xq98fhen2
SportZona,sportzona,AdminSportZona (SportZona),adminsportzona@academieshub.com,sportzona2026!,AdminSportZona,"adminsportzona@academieshub.com; admin.sportzona@academieshub.com; adminsportzona@gmail.com; admin.sportzona@gmail.com; admin@sportzona.com; adminsportzona@academy.com; adminsportzona",academy_admin,j574wjy23kn8mytxgamhp3b6g98fg9fe
SportZona,sportzona,Sara A,sara.a@sportzona.com,sportzona2026!,Sara.A,"sara.a@sportzona.com; Sara.A@sportzona.com",academy_admin,j574wjy23kn8mytxgamhp3b6g98fg9fe
EliteAcademy,eliteacademy,AdminEliteAcademy (EliteAcademy),admineliteacademy@academieshub.com,eliteacademy2026!,AdminEliteAcademy,"admineliteacademy@academieshub.com; admin.eliteacademy@academieshub.com; adminelite@academieshub.com; admineliteacademy@gmail.com; adminelite@gmail.com; admin@eliteacademy.com; admineliteacademy@academy.com; admineliteacademy; adminelite",academy_admin,j5743kj09wz43cmw2d1gd09n618fhn1t
Hercules Sports Academy,hercules-sports,AdminHercules (Hercules Sports Academy),adminhercules@academieshub.com,hercules2026!,AdminHercules,"adminhercules@academieshub.com; admin.hercules@academieshub.com; adminhercules@gmail.com; admin.hercules@gmail.com; admin@hercules.com; adminhercules@academy.com; adminhercules",academy_admin,j575xgdrfxjvedmz5jd42x7k198fhsj0
Cedars Athletic Club,cedars-athletics,AdminCedars (Cedars Athletic Club),admincedars@academieshub.com,cedars2026!,AdminCedars,"admincedars@academieshub.com; admin.cedars@academieshub.com; admincedars@gmail.com; admin.cedars@gmail.com; admin@cedars.com; admincedars@academy.com; admincedars",academy_admin,j57btnqdpa6v46q4b62t67k9ph8fhmnf
BadEMS,badems,AdminBadEMS (BadEMS),adminbadems@academieshub.com,badems2026!,AdminBadEMS,"adminbadems@academieshub.com; admin.badems@academieshub.com; adminbadems@gmail.com; admin.badems@gmail.com; admin@badems.com; adminbadems@academy.com; adminbadems",academy_admin,j576mmg1ee2rt4873sftpxec9d8fmdv6
BadEMS,badems,c00ldude,c00ldude@badems.com,badems2026!,c00ldude,"c00ldude@badems.com; C00ldude@badems.com; c00ldude; C00ldude",academy_admin,j576mmg1ee2rt4873sftpxec9d8fmdv6

